M;Aaron
M;Adam
M;Adrien
F;Agata
M;Alan
M;Alessandro
F;Alessia
M;Alessio
M;Alex
M;Alexandre
F;Alexia
M;Alexis
F;Alice
F;Alicia
F;Alina
F;Aline
F;Alyssa
F;Amelie
F;Anais
M;Andrea
M;Andrin
F;Angelina
F;Anja
F;Anna
F;Anna
M;Anthony
M;Antoine
F;Arianna
M;Aris
M;Arnaud
M;Arthur
F;Asia
F;Audrey
F;Aurora
M;Ben
M;Benjamin
F;Camille
F;Carolina
F;Caterina
F;Celia
F;Celine
F;Charlotte
F;Chiara
F;Chloe
M;Christian
F;Clara
F;Clarissa
M;Colin
M;Cristian
M;Damiano
M;Daniel
M;Dario
M;David
M;Davide
F;Denise
F;Diana
M;Diego
M;Diego
M;Dylan
M;Edoardo
F;Elena
F;Eleonora
M;Elia
M;Elias
F;Elin
F;Elina
F;Elisa
F;Elodie
F;Elsa
F;Emilie
F;Emily
F;Emma
M;Enea
M;Enzo
M;Esteban
M;Ethan
F;Eva
M;Evan
M;Fabian
M;Fabio
M;Federico
M;Filippo
F;Fiona
M;Florian
F;Francesca
M;Francesco
M;Gabriel
M;Gabriele
F;Gaia
F;Giada
M;Gian
M;Gioele
F;Giorgia
F;Giulia
F;Greta
M;Hugo
F;Ilaria
F;Ines
F;Jade
F;Jael
M;Jan
F;Jana
M;Janis
F;Jasmin
F;Jessica
M;Joel
M;Jonas
M;Jules
F;Julia
M;Julian
F;Julie
M;Julien
F;Juliette
F;Justine
M;Kevin
F;Ladina
F;Lara
F;Larissa
M;Lars
F;Laura
M;Laurin
F;Lea
F;Lea
M;Leandro
F;Lena
M;Leo
M;Leon
F;Leona
M;Leonardo
F;Leonie
M;Levin
F;Lia
M;Liam
F;Lily
F;Lina
F;Linda
M;Linus
F;Lisa
F;Livia
M;Livio
M;Loic
F;Lorena
M;Lorenzo
M;Loris
M;Louis
F;Louise
F;Luana
M;Luca
M;Lucas
F;Lucie
M;Luis
M;Lukas
F;Luna
F;Lynn
F;Maeva
F;Manon
M;Manuel
F;Mara
M;Marco
F;Marie
F;Martina
M;Mathieu
F;Mathilde
M;Mathis
F;Matilde
M;Matteo
M;Mattia
M;Maxime
F;Maya
F;Melanie
F;Melina
F;Melissa
F;Mia
F;Mia
M;Michele
F;Michelle
M;Nathan
M;Nevio
M;Nico
M;Nicola
M;Nicolas
F;Nicole
M;Nicolo
M;Nils
F;Nina
M;Noah
M;Noe
F;Noemi
F;Noemie
M;Nolan
F;Norah
F;Oceane
F;Olivia
F;Pauline
M;Quentin
M;Rafael
M;Raphael
M;Rayan
F;Rebecca
M;Riccardo
M;Robin
M;Robin
M;Romain
M;Ryan
M;Samuel
M;Samuele
F;Sara
F;Sara
F;Sara
F;Sarah
F;Sarina
F;Selina
M;Silvan
M;Simon
F;Simone
F;Sina
F;Sofia
F;Sophia
F;Sophie
F;Stella
M;Theo
M;Thomas
M;Tim
M;Timo
M;Tom
M;Tommaso
M;Valentin
F;Valentina
F;Vanessa
F;Victoria
F;Viola
F;Yara
M;Zeno
F;Zoe
